-- phpMyAdmin SQL Dump
-- version 4.2.7.1
-- http://www.phpmyadmin.net
--
-- Host: 127.0.0.1
-- Generation Time: May 01, 2018 at 09:52 AM
-- Server version: 5.5.39
-- PHP Version: 5.4.31

SET SQL_MODE = "NO_AUTO_VALUE_ON_ZERO";
SET time_zone = "+00:00";


/*!40101 SET @OLD_CHARACTER_SET_CLIENT=@@CHARACTER_SET_CLIENT */;
/*!40101 SET @OLD_CHARACTER_SET_RESULTS=@@CHARACTER_SET_RESULTS */;
/*!40101 SET @OLD_COLLATION_CONNECTION=@@COLLATION_CONNECTION */;
/*!40101 SET NAMES utf8 */;

--
-- Database: `fleet_control`
--

-- --------------------------------------------------------

--
-- Table structure for table `dispatcher`
--

CREATE TABLE IF NOT EXISTS `dispatcher` (
`id` int(10) NOT NULL,
  `first_name` varchar(50) NOT NULL,
  `last_name` varchar(50) NOT NULL,
  `username` varchar(20) NOT NULL,
  `email` varchar(100) NOT NULL,
  `address` text NOT NULL,
  `city` varchar(100) NOT NULL,
  `country` varchar(100) NOT NULL,
  `zip_code` int(10) NOT NULL,
  `about_me` text NOT NULL,
  `picture` varchar(100) NOT NULL,
  `password` varchar(100) NOT NULL
) ENGINE=InnoDB  DEFAULT CHARSET=latin1 AUTO_INCREMENT=3 ;

--
-- Dumping data for table `dispatcher`
--

INSERT INTO `dispatcher` (`id`, `first_name`, `last_name`, `username`, `email`, `address`, `city`, `country`, `zip_code`, `about_me`, `picture`, `password`) VALUES
(1, 'ANDI', 'MARIADI', 'andimariadi', 'mariadi.andi@gmail.com', 'Tambang SIS', '', '', 0, '', '', '40bd001563085fc35165329ea1ff5c5ecbdbbeef'),
(2, 'dispatch', 'dispatch', 'dispatch', '', '', '', '', 0, '', '', '05b145cfb6fbc24d08a8e01155c0aa2bf8460c87');

-- --------------------------------------------------------

--
-- Table structure for table `dispatch_fleet`
--

CREATE TABLE IF NOT EXISTS `dispatch_fleet` (
`id` int(100) NOT NULL,
  `id_dispatch` int(10) NOT NULL,
  `id_fleet` int(100) NOT NULL
) ENGINE=InnoDB  DEFAULT CHARSET=latin1 AUTO_INCREMENT=20 ;

--
-- Dumping data for table `dispatch_fleet`
--

INSERT INTO `dispatch_fleet` (`id`, `id_dispatch`, `id_fleet`) VALUES
(1, 1, 3),
(2, 1, 1),
(3, 1, 8),
(4, 1, 9),
(5, 1, 10),
(6, 1, 11),
(7, 1, 12),
(8, 1, 13),
(9, 1, 14),
(10, 1, 15),
(11, 1, 16),
(12, 1, 17),
(13, 1, 18),
(14, 1, 19),
(15, 2, 20),
(16, 2, 21),
(17, 2, 22),
(18, 2, 23),
(19, 2, 24);

-- --------------------------------------------------------

--
-- Table structure for table `dump_spot`
--

CREATE TABLE IF NOT EXISTS `dump_spot` (
`id` int(100) NOT NULL,
  `name` varchar(50) NOT NULL,
  `coal` float NOT NULL,
  `ob` float NOT NULL
) ENGINE=InnoDB DEFAULT CHARSET=latin1 AUTO_INCREMENT=1 ;

-- --------------------------------------------------------

--
-- Table structure for table `enum`
--

CREATE TABLE IF NOT EXISTS `enum` (
`id` int(10) NOT NULL,
  `name` varchar(100) NOT NULL,
  `type` varchar(50) NOT NULL,
  `refid` int(10) NOT NULL
) ENGINE=InnoDB  DEFAULT CHARSET=latin1 AUTO_INCREMENT=53 ;

--
-- Dumping data for table `enum`
--

INSERT INTO `enum` (`id`, `name`, `type`, `refid`) VALUES
(1, 'RFU', 'status', 0),
(2, 'BS', 'status', 0),
(3, 'BUS', 'status', 0),
(4, 'STB', 'status', 0),
(5, 'CENTRAL', 'pit', 0),
(6, 'NORTH WEST', 'pit', 0),
(7, 'WARA', 'pit', 0),
(8, 'OB', 'material', 0),
(9, 'COAL', 'material', 0),
(10, 'MUD', 'material', 0),
(11, 'SPOIL', 'material', 0),
(12, 'GEN', 'material', 0),
(13, 'TOP SOIL', 'material', 0),
(14, 'NORTH 1', 'jalur', 6),
(15, 'NORTH 2', 'jalur', 6),
(16, 'NORTH 3', 'jalur', 6),
(17, 'NORTH 4', 'jalur', 6),
(18, 'WEST 1', 'jalur', 6),
(19, 'WEST 2', 'jalur', 6),
(20, 'CT2 OB1', 'jalur', 5),
(21, 'CT2 OB2', 'jalur', 5),
(22, 'IPD 1', 'jalur', 5),
(23, 'IPD 2', 'jalur', 5),
(24, 'CT1 HW', 'jalur', 5),
(25, 'WARA 1', 'jalur', 7),
(26, 'WARA 2', 'jalur', 7),
(27, 'WARA 3', 'jalur', 7),
(28, 'WARA 4', 'jalur', 7),
(29, 'WARA 5', 'jalur', 7),
(30, 'PIT 03', 'jalur', 7),
(31, 'EX PIT', 'jalur', 7),
(32, 'N1 + N2', 'area', 6),
(33, 'N3 + WEST', 'area', 6),
(34, 'NW COAL', 'area', 6),
(35, 'NW SPARE', 'area', 6),
(36, 'STB NW', 'area', 6),
(37, 'C1', 'area', 5),
(38, 'C2', 'area', 5),
(39, 'CT COAL', 'area', 5),
(40, 'CT SPARE', 'area', 5),
(41, 'STB CT', 'area', 5),
(42, 'WARA', 'area', 7),
(43, 'STB WR', 'area', 7),
(44, 'CAT777', 'type_hauler', 0),
(45, 'CAT785', 'type_hauler', 0),
(46, 'CAT789', 'type_hauler', 0),
(47, 'EH1700', 'type_hauler', 0),
(48, 'EH3500', 'type_hauler', 0),
(49, 'HD1500', 'type_hauler', 0),
(50, 'HD785', 'type_hauler', 0),
(51, 'HD785_DUCKTAIL', 'type_hauler', 0),
(52, 'HD785_JUMBO', 'type_hauler', 0);

-- --------------------------------------------------------

--
-- Table structure for table `hauler_capacity`
--

CREATE TABLE IF NOT EXISTS `hauler_capacity` (
`id` int(10) NOT NULL,
  `type` varchar(25) NOT NULL,
  `coal` float NOT NULL,
  `ob` float NOT NULL
) ENGINE=InnoDB  DEFAULT CHARSET=latin1 AUTO_INCREMENT=10 ;

--
-- Dumping data for table `hauler_capacity`
--

INSERT INTO `hauler_capacity` (`id`, `type`, `coal`, `ob`) VALUES
(1, '44', 50, 42),
(2, '45', 72, 60),
(3, '46', 95, 80),
(4, '47', 50, 42),
(5, '48', 95, 80),
(6, '49', 90, 60),
(7, '50', 50, 42),
(8, '51', 60, 42),
(9, '52', 80, 42);

-- --------------------------------------------------------

--
-- Table structure for table `loading_time`
--

CREATE TABLE IF NOT EXISTS `loading_time` (
`id` int(100) NOT NULL,
  `type_loader` varchar(50) NOT NULL,
  `type_hauler` varchar(50) NOT NULL,
  `ob` float NOT NULL,
  `coal` float NOT NULL
) ENGINE=InnoDB  DEFAULT CHARSET=latin1 AUTO_INCREMENT=122 ;

--
-- Dumping data for table `loading_time`
--

INSERT INTO `loading_time` (`id`, `type_loader`, `type_hauler`, `ob`, `coal`) VALUES
(1, 'EX5600 eSH', 'EH4000', 2.775, 6.5),
(2, 'EX5600 eSH', 'CAT793', 2.775, 6.5),
(3, 'EX5600 eSH', '48', 2.475, 6.5),
(4, 'EX5600 eSH', '46', 2.475, 6.5),
(5, 'EX5600 eSH', '45', 1.88, 6.5),
(6, 'EX5600 eSH', '49', 1.88, 6.5),
(7, 'EX5600 eSH', '50', 1.285, 6.5),
(8, 'EX5600 eSH', '47', 1.285, 6.5),
(9, 'EX5600 eSH', '44', 1.285, 6.5),
(10, 'SH 4000', 'EH4000', 3.275, 6.5),
(11, 'SH 4000', 'CAT793', 3.275, 6.5),
(12, 'SH 4000', '48', 2.975, 6.5),
(13, 'SH 4000', '46', 2.975, 6.5),
(14, 'SH 4000', '45', 2.38, 6.5),
(15, 'SH 4000', '49', 2.38, 6.5),
(16, 'SH 4000', '50', 1.785, 6.5),
(17, 'SH 4000', '47', 1.785, 6.5),
(18, 'SH 4000', '44', 1.785, 6.5),
(19, 'EX3600', 'EH4000', 3.275, 6.5),
(20, 'EX3600', 'CAT793', 3.275, 6.5),
(21, 'EX3600', '48', 2.975, 6.5),
(22, 'EX3600', '46', 2.975, 6.5),
(23, 'EX3600', '45', 2.38, 6.5),
(24, 'EX3600', '49', 2.38, 6.5),
(25, 'EX3600', '50', 1.785, 6.5),
(26, 'EX3600', '47', 1.785, 6.5),
(27, 'EX3600', '44', 1.785, 6.5),
(28, 'LI R9400', 'EH4000', 3.275, 6.5),
(29, 'LI R9400', 'CAT793', 3.275, 6.5),
(30, 'LI R9400', '48', 2.975, 6.5),
(31, 'LI R9400', '46', 2.975, 6.5),
(32, 'LI R9400', '45', 2.38, 6.5),
(33, 'LI R9400', '49', 2.38, 6.5),
(34, 'LI R9400', '50', 1.785, 6.5),
(35, 'LI R9400', '47', 1.785, 6.5),
(36, 'LI R9400', '44', 1.785, 6.5),
(37, 'LI R9350', 'EH4000', 3.275, 6.5),
(38, 'LI R9350', 'CAT793', 3.275, 6.5),
(39, 'LI R9350', '48', 3.57, 6.5),
(40, 'LI R9350', '46', 3.57, 6.5),
(41, 'LI R9350', '45', 2.38, 6.5),
(42, 'LI R9350', '49', 2.38, 6.5),
(43, 'LI R9350', '50', 1.785, 6.5),
(44, 'LI R9350', '47', 1.785, 6.5),
(45, 'LI R9350', '44', 1.785, 6.5),
(46, 'LI R9250', 'EH4000', 5.165, 6.5),
(47, 'LI R9250', 'CAT793', 5.165, 6.5),
(48, 'LI R9250', '48', 4.165, 6.5),
(49, 'LI R9250', '46', 4.165, 6.5),
(50, 'LI R9250', '45', 2.975, 6.5),
(51, 'LI R9250', '49', 2.975, 6.5),
(52, 'LI R9250', '50', 2.38, 6.5),
(53, 'LI R9250', '47', 2.38, 6.5),
(54, 'LI R9250', '44', 2.38, 6.5),
(55, 'PC3000', 'EH4000', 5.165, 6.5),
(56, 'PC3000', 'CAT793', 5.165, 6.5),
(57, 'PC3000', '48', 4.165, 6.5),
(58, 'PC3000', '46', 4.165, 6.5),
(59, 'PC3000', '45', 2.975, 6.5),
(60, 'PC3000', '49', 2.975, 6.5),
(61, 'PC3000', '50', 2.38, 6.5),
(62, 'PC3000', '47', 2.38, 6.5),
(63, 'PC3000', '44', 2.38, 6.5),
(64, 'EX2500', 'EH4000', 5.165, 6.5),
(65, 'EX2500', 'CAT793', 5.165, 6.5),
(66, 'EX2500', '48', 4.165, 6.5),
(67, 'EX2500', '46', 4.165, 6.5),
(68, 'EX2500', '45', 2.975, 6.5),
(69, 'EX2500', '49', 2.975, 6.5),
(70, 'EX2500', '50', 2.38, 6.5),
(71, 'EX2500', '47', 2.38, 6.5),
(72, 'EX2500', '44', 2.38, 6.5),
(73, 'PC2000', 'EH4000', 6.355, 6.5),
(74, 'PC2000', 'CAT793', 6.355, 6.5),
(75, 'PC2000', '48', 5.355, 6.5),
(76, 'PC2000', '46', 5.355, 6.5),
(77, 'PC2000', '45', 4.165, 6.5),
(78, 'PC2000', '49', 4.165, 6.5),
(79, 'PC2000', '50', 2.975, 6.5),
(80, 'PC2000', '47', 2.975, 6.5),
(81, 'PC2000', '44', 2.975, 6.5),
(82, 'PC1250', 'EH4000', 7.255, 6.5),
(83, 'PC1250', 'CAT793', 7.255, 6.5),
(84, 'PC1250', '48', 6.255, 6.5),
(85, 'PC1250', '46', 6.255, 6.5),
(86, 'PC1250', '45', 5.065, 6.5),
(87, 'PC1250', '49', 5.065, 6.5),
(88, 'PC1250', '50', 3.875, 6.5),
(89, 'PC1250', '47', 3.875, 6.5),
(90, 'PC1250', '44', 3.875, 6.5),
(91, 'EX1200', 'EH4000', 7.255, 6.5),
(92, 'EX1200', 'CAT793', 7.255, 6.5),
(93, 'EX1200', '48', 6.255, 6.5),
(94, 'EX1200', '46', 6.255, 6.5),
(95, 'EX1200', '45', 5.065, 6.5),
(96, 'EX1200', '49', 5.065, 6.5),
(97, 'EX1200', '50', 3.875, 6.5),
(98, 'EX1200', '47', 3.875, 6.5),
(99, 'EX1200', '44', 3.875, 6.5),
(100, 'EX5600 eSH', '52', 1.285, 6.5),
(101, 'SH 4000', '52', 1.785, 6.5),
(102, 'EX3600', '52', 1.785, 6.5),
(103, 'LI R9400', '52', 1.785, 6.5),
(104, 'LI R9350', '52', 1.785, 6.5),
(105, 'LI R9250', '52', 2.38, 6.5),
(106, 'PC3000', '52', 2.38, 6.5),
(107, 'EX2500', '52', 2.38, 6.5),
(108, 'PC2000', '52', 2.975, 6.5),
(109, 'PC1250', '52', 3.875, 6.5),
(110, 'EX1200', '52', 3.875, 6.5),
(111, 'EX5600 eSH', '51', 1.285, 6.5),
(112, 'SH 4000', '51', 1.785, 6.5),
(113, 'EX3600', '51', 1.785, 6.5),
(114, 'LI R9400', '51', 1.785, 6.5),
(115, 'LI R9350', '51', 1.785, 6.5),
(116, 'LI R9250', '51', 2.38, 6.5),
(117, 'PC3000', '51', 2.38, 6.5),
(118, 'EX2500', '51', 2.38, 6.5),
(119, 'PC2000', '51', 2.975, 6.5),
(120, 'PC1250', '51', 3.875, 6.5),
(121, 'EX1200', '51', 3.875, 6.5);

-- --------------------------------------------------------

--
-- Table structure for table `master_fleet`
--

CREATE TABLE IF NOT EXISTS `master_fleet` (
`id` int(100) NOT NULL,
  `id_fleet` int(100) NOT NULL,
  `cn_hauler` varchar(10) NOT NULL,
  `time` time NOT NULL,
  `date` date NOT NULL,
  `status` varchar(10) NOT NULL
) ENGINE=InnoDB  DEFAULT CHARSET=latin1 AUTO_INCREMENT=131 ;

--
-- Dumping data for table `master_fleet`
--

INSERT INTO `master_fleet` (`id`, `id_fleet`, `cn_hauler`, `time`, `date`, `status`) VALUES
(1, 1, 'D4-001', '13:19:54', '2018-04-26', 'available'),
(2, 1, 'D4-002', '13:19:59', '2018-04-26', 'available'),
(3, 1, 'D4-003', '13:20:02', '2018-04-26', 'available'),
(4, 1, 'D4-004', '13:20:07', '2018-04-26', 'available'),
(5, 1, 'D4-006', '13:20:12', '2018-04-26', 'available'),
(6, 1, 'D4-008', '13:20:19', '2018-04-26', 'available'),
(7, 1, 'D4-009', '13:20:25', '2018-04-26', 'available'),
(8, 1, 'D4-013', '13:20:37', '2018-04-26', 'available'),
(10, 1, 'D4-019', '14:59:31', '2018-04-26', 'available'),
(11, 1, 'D4-029', '14:59:43', '2018-04-26', 'available'),
(12, 1, 'D4-034', '14:59:50', '2018-04-26', 'available'),
(13, 1, 'D4-043', '14:59:55', '2018-04-26', 'available'),
(14, 1, 'D4-044', '15:00:00', '2018-04-26', 'available'),
(15, 1, 'D4-046', '15:00:04', '2018-04-26', 'available'),
(16, 1, 'D4-086', '15:00:11', '2018-04-26', 'available'),
(17, 1, 'D4-087', '15:00:15', '2018-04-26', 'available'),
(18, 1, 'D4-100', '15:00:21', '2018-04-26', 'available'),
(19, 1, 'D4-102', '15:00:25', '2018-04-26', 'available'),
(21, 1, 'D4-102', '16:00:25', '2018-04-26', 'delete'),
(22, 2, 'D3-006', '18:19:17', '2018-04-27', 'available'),
(23, 2, 'D3-007', '01:19:19', '2018-04-28', 'available'),
(24, 2, 'D3-012', '02:19:21', '2018-04-28', 'available'),
(25, 3, 'D5-003', '08:59:38', '2018-04-28', 'available'),
(26, 3, 'D5-004', '08:59:44', '2018-04-28', 'available'),
(27, 3, 'D5-005', '08:59:45', '2018-04-28', 'available'),
(28, 3, 'D5-038', '08:59:57', '2018-04-28', 'available'),
(29, 8, 'D3-006', '11:50:52', '2018-04-28', 'delete'),
(30, 8, 'D3-063', '14:12:34', '2018-04-28', 'delete'),
(31, 9, 'D3-006', '12:12:19', '2018-04-29', 'available'),
(32, 9, 'D3-006', '12:12:20', '2018-04-29', 'available'),
(33, 9, 'D3-012', '12:12:21', '2018-04-29', 'available'),
(34, 9, 'D3-015', '12:12:22', '2018-04-29', 'available'),
(35, 9, 'D3-047', '12:12:24', '2018-04-29', 'available'),
(36, 10, 'D3-013', '14:30:23', '2018-04-29', 'available'),
(37, 10, 'D3-049', '14:30:25', '2018-04-29', 'available'),
(38, 10, 'D3-064', '14:30:27', '2018-04-29', 'available'),
(39, 19, 'D5-011', '14:33:24', '2018-04-29', 'available'),
(40, 19, 'D5-013', '14:33:35', '2018-04-29', 'available'),
(41, 19, 'D5-016', '14:33:57', '2018-04-29', 'available'),
(42, 19, 'D5-017', '14:34:02', '2018-04-29', 'available'),
(43, 19, 'D5-018', '14:34:06', '2018-04-29', 'available'),
(44, 19, 'D5-019', '14:34:10', '2018-04-29', 'available'),
(45, 19, 'D5-021', '14:34:16', '2018-04-29', 'available'),
(46, 19, 'D5-022', '14:34:19', '2018-04-29', 'available'),
(47, 19, 'D5-024', '14:34:23', '2018-04-29', 'available'),
(48, 19, 'D5-025', '14:34:26', '2018-04-29', 'available'),
(49, 19, 'D5-015', '14:34:27', '2018-04-29', 'available'),
(50, 19, 'D5-015', '15:30:00', '2018-04-29', 'delete'),
(58, 19, 'D5-024', '16:04:08', '2018-04-29', 'delete'),
(59, 19, 'D5-022', '16:04:54', '2018-04-29', 'delete'),
(60, 19, 'D5-011', '16:06:10', '2018-04-29', 'delete'),
(61, 19, 'D5-013', '16:06:11', '2018-04-29', 'delete'),
(62, 19, 'D5-016', '16:06:11', '2018-04-29', 'delete'),
(63, 19, 'D5-017', '16:06:11', '2018-04-29', 'delete'),
(64, 19, 'D5-018', '16:06:11', '2018-04-29', 'delete'),
(65, 19, 'D5-019', '16:06:11', '2018-04-29', 'delete'),
(66, 19, 'D5-021', '16:06:12', '2018-04-29', 'delete'),
(67, 19, 'D5-021', '16:06:13', '2018-04-29', 'delete'),
(68, 19, 'D5-021', '16:06:14', '2018-04-29', 'delete'),
(69, 19, 'D5-021', '16:06:14', '2018-04-29', 'delete'),
(70, 19, 'D5-021', '16:06:15', '2018-04-29', 'delete'),
(71, 19, 'D5-021', '16:06:15', '2018-04-29', 'delete'),
(72, 19, 'D5-025', '16:07:21', '2018-04-29', 'delete'),
(73, 19, 'D5-012', '16:10:19', '2018-04-29', 'available'),
(74, 19, 'D5-015', '16:31:26', '2018-04-29', 'available'),
(75, 19, 'D5-012', '16:39:54', '2018-04-29', 'delete'),
(76, 19, 'D5-012', '16:40:05', '2018-04-29', 'available'),
(77, 20, 'D4-051', '09:04:56', '2018-04-30', 'available'),
(78, 20, 'D4-064', '09:05:04', '2018-04-30', 'available'),
(79, 20, 'D4-067', '09:05:08', '2018-04-30', 'available'),
(80, 20, 'D5-013', '09:05:17', '2018-04-30', 'available'),
(81, 20, 'D5-016', '09:05:21', '2018-04-30', 'available'),
(82, 20, 'D5-018', '09:05:23', '2018-04-30', 'available'),
(83, 20, 'D5-020', '09:05:27', '2018-04-30', 'available'),
(84, 20, 'D5-021', '09:05:29', '2018-04-30', 'available'),
(85, 20, 'D5-022', '09:05:31', '2018-04-30', 'available'),
(86, 20, 'D5-024', '09:05:39', '2018-04-30', 'available'),
(87, 20, 'D5-025', '09:05:41', '2018-04-30', 'available'),
(88, 20, 'D4-075', '09:05:46', '2018-04-30', 'available'),
(89, 21, 'D3-076', '09:06:01', '2018-04-30', 'available'),
(90, 21, 'D3-078', '09:06:04', '2018-04-30', 'available'),
(91, 21, 'D3-079', '09:06:06', '2018-04-30', 'available'),
(92, 21, 'D3-099', '09:06:11', '2018-04-30', 'available'),
(93, 21, 'D3-121', '09:06:14', '2018-04-30', 'available'),
(94, 21, 'D3-146', '09:06:19', '2018-04-30', 'available'),
(95, 21, 'D3-147', '09:06:20', '2018-04-30', 'available'),
(96, 21, 'D3-149', '09:06:24', '2018-04-30', 'available'),
(97, 21, 'D3-177', '09:06:25', '2018-04-30', 'available'),
(98, 21, 'D3-181', '09:06:29', '2018-04-30', 'available'),
(99, 21, 'D3-371', '09:06:33', '2018-04-30', 'available'),
(100, 22, 'D3-116', '09:06:45', '2018-04-30', 'available'),
(101, 22, 'D3-117', '09:06:48', '2018-04-30', 'available'),
(102, 22, 'D3-137', '09:06:49', '2018-04-30', 'available'),
(103, 22, 'D3-150', '09:06:53', '2018-04-30', 'available'),
(104, 22, 'D3-151', '09:06:54', '2018-04-30', 'available'),
(105, 22, 'D3-152', '09:06:57', '2018-04-30', 'available'),
(106, 22, 'D3-154', '09:06:58', '2018-04-30', 'available'),
(107, 22, 'D3-180', '09:07:02', '2018-04-30', 'available'),
(108, 22, 'D3-182', '09:07:03', '2018-04-30', 'available'),
(109, 22, 'D3-186', '09:07:06', '2018-04-30', 'available'),
(110, 22, 'D3-215', '09:07:08', '2018-04-30', 'available'),
(111, 22, 'D3-319', '09:07:11', '2018-04-30', 'available'),
(112, 24, 'D3-091', '09:07:32', '2018-04-30', 'available'),
(113, 24, 'D3-094', '09:07:33', '2018-04-30', 'available'),
(114, 24, 'D3-095', '09:07:36', '2018-04-30', 'available'),
(115, 24, 'D3-108', '09:07:39', '2018-04-30', 'available'),
(116, 20, 'D4-051', '10:32:50', '2018-04-30', 'delete'),
(117, 20, 'D4-064', '10:32:50', '2018-04-30', 'delete'),
(118, 20, 'D4-075', '15:20:30', '2018-04-30', 'delete'),
(119, 20, 'D5-025', '15:20:31', '2018-04-30', 'delete'),
(120, 20, 'D5-024', '15:20:50', '2018-04-30', 'delete'),
(121, 20, 'D5-022', '15:20:51', '2018-04-30', 'delete'),
(122, 20, 'D5-021', '15:23:40', '2018-04-30', 'delete'),
(123, 20, 'D5-020', '15:23:41', '2018-04-30', 'delete'),
(124, 23, 'D3-116', '16:16:46', '2018-04-30', 'available'),
(125, 23, 'D3-116', '16:17:14', '2018-04-30', 'delete'),
(126, 23, 'D3-116', '16:17:15', '2018-04-30', 'delete'),
(127, 23, 'D3-116', '16:17:16', '2018-04-30', 'delete'),
(128, 23, 'D3-116', '16:17:16', '2018-04-30', 'delete'),
(129, 23, 'D3-116', '16:17:16', '2018-04-30', 'delete'),
(130, 23, 'D3-116', '16:17:17', '2018-04-30', 'delete');

-- --------------------------------------------------------

--
-- Table structure for table `plan_set_fleet`
--

CREATE TABLE IF NOT EXISTS `plan_set_fleet` (
`id` int(100) NOT NULL,
  `date` date NOT NULL,
  `time` time NOT NULL,
  `cn_loader` varchar(10) NOT NULL,
  `distance` int(10) NOT NULL,
  `matching_factor` double NOT NULL,
  `prodty` int(10) NOT NULL,
  `travel_speed` double NOT NULL,
  `cycle_speed` double NOT NULL,
  `material` int(5) NOT NULL,
  `count_hauler` text NOT NULL,
  `pit` int(10) NOT NULL
) ENGINE=InnoDB  DEFAULT CHARSET=latin1 AUTO_INCREMENT=12 ;

--
-- Dumping data for table `plan_set_fleet`
--

INSERT INTO `plan_set_fleet` (`id`, `date`, `time`, `cn_loader`, `distance`, `matching_factor`, `prodty`, `travel_speed`, `cycle_speed`, `material`, `count_hauler`, `pit`) VALUES
(1, '2018-05-01', '15:18:17', 'X7-003', 6400, 0.97, 1553, 22, 19.11, 8, 'CAT777:;CAT785:;CAT789:;EH1700:;EH3500:13;HD1500:;HD785:;HD785_DUCKTAIL:;HD785_JUMBO:', 6),
(2, '2018-05-01', '15:18:17', 'X4-007', 5500, 0.82, 618, 22, 19.88, 8, 'CAT777:;CAT785:5;CAT789:;EH1700:;EH3500:;HD1500:;HD785:1;HD785_DUCKTAIL:;HD785_JUMBO:', 6),
(3, '2018-05-01', '15:18:17', 'X5-036', 5000, 0.95, 945, 22, 19.69, 8, 'CAT777:;CAT785:8;CAT789:;EH1700:;EH3500:;HD1500:;HD785:;HD785_DUCKTAIL:;HD785_JUMBO:', 6),
(4, '2018-05-01', '15:18:18', 'X5-006', 5500, 0.87, 867, 22, 19.88, 8, 'CAT777:;CAT785:8;CAT789:;EH1700:;EH3500:;HD1500:;HD785:;HD785_DUCKTAIL:;HD785_JUMBO:', 6),
(5, '2018-05-01', '15:18:18', 'X7-007', 5200, 0.98, 1573, 22, 18.59, 8, 'CAT777:;CAT785:8;CAT789:5;EH1700:;EH3500:;HD1500:;HD785:;HD785_DUCKTAIL:;HD785_JUMBO:', 6),
(6, '2018-05-01', '15:18:18', 'X7-001', 5600, 0.93, 1491, 22, 18.97, 8, 'CAT777:;CAT785:;CAT789:11;EH1700:;EH3500:;HD1500:;HD785:;HD785_DUCKTAIL:;HD785_JUMBO:', 6),
(7, '2018-05-01', '15:18:18', 'X7-006', 2200, 0.96, 1534, 20, 14.06, 8, 'CAT777:;CAT785:;CAT789:6;EH1700:;EH3500:;HD1500:;HD785:;HD785_DUCKTAIL:;HD785_JUMBO:', 6),
(8, '2018-05-01', '15:18:18', 'X4-011', 3300, 0.99, 580, 0, 13.29, 9, 'CAT777:;CAT785:;CAT789:;EH1700:;EH3500:;HD1500:;HD785:;HD785_DUCKTAIL:;HD785_JUMBO:4', 6),
(9, '2018-05-01', '15:18:18', 'X4-001', 3400, 0.97, 566, 0, 13.36, 9, 'CAT777:;CAT785:;CAT789:;EH1700:;EH3500:;HD1500:;HD785:;HD785_DUCKTAIL:;HD785_JUMBO:4', 6),
(10, '2018-05-01', '15:18:18', 'X4-018', 4000, 0.87, 508, 0, 14.12, 9, 'CAT777:;CAT785:;CAT789:;EH1700:;EH3500:;HD1500:;HD785:;HD785_DUCKTAIL:;HD785_JUMBO:4', 6),
(11, '2018-05-01', '15:18:18', 'X4-021', 4000, 0.86, 562, 0, 14.05, 9, 'CAT777:;CAT785:;CAT789:;EH1700:;EH3500:;HD1500:;HD785:;HD785_DUCKTAIL:;HD785_JUMBO:4', 6);

-- --------------------------------------------------------

--
-- Table structure for table `set_fleet`
--

CREATE TABLE IF NOT EXISTS `set_fleet` (
`id` int(20) NOT NULL,
  `date` date NOT NULL,
  `time` time NOT NULL,
  `shift` int(11) NOT NULL,
  `cn_loader` varchar(10) NOT NULL,
  `speed` float NOT NULL,
  `status` int(10) NOT NULL,
  `pit` int(10) NOT NULL,
  `jalur` int(10) NOT NULL,
  `area` int(10) NOT NULL,
  `material` int(10) NOT NULL,
  `disposal` varchar(100) NOT NULL,
  `coal_seam` varchar(10) NOT NULL,
  `coal_series` varchar(10) NOT NULL,
  `spv` varchar(100) NOT NULL,
  `gl_front` varchar(100) NOT NULL,
  `gl_disp` varchar(100) NOT NULL,
  `distance` int(10) NOT NULL,
  `refid` int(100) NOT NULL
) ENGINE=InnoDB  DEFAULT CHARSET=latin1 AUTO_INCREMENT=25 ;

--
-- Dumping data for table `set_fleet`
--

INSERT INTO `set_fleet` (`id`, `date`, `time`, `shift`, `cn_loader`, `speed`, `status`, `pit`, `jalur`, `area`, `material`, `disposal`, `coal_seam`, `coal_series`, `spv`, `gl_front`, `gl_disp`, `distance`, `refid`) VALUES
(1, '2018-04-26', '11:00:22', 1, 'X7-004', 21.2, 1, 5, 21, 37, 8, 'C2OB_RL+108', '', '', 'HERMANTO', 'HERMANTO', 'ENGGAL', 6450, 0),
(2, '2018-04-27', '09:05:38', 2, 'X5-036', 21.9, 1, 5, 21, 37, 8, 'OB_1', '', '', 'OB_1', 'OB_1', 'OB_1', 9808, 0),
(3, '2018-04-28', '08:58:21', 1, 'X7-006', 20, 1, 6, 19, 33, 8, 'W2_RL+48', '', '', 'MBAH LURAH', 'ALI', 'ADNAN', 1726, 0),
(8, '2018-04-28', '10:39:32', 1, 'X7-012', 20, 1, 5, 20, 37, 8, '', '', '', '', '', '', 1897, 0),
(19, '2018-04-29', '14:33:14', 1, 'X7-003', 21.82, 1, 6, 14, 32, 8, 'DN1OB_RL+075', '', '', 'SURYA', 'FERDYANSYAH', 'NGASRAN', 6384, 0),
(20, '2018-04-30', '08:59:15', 1, 'X7-003', 20, 1, 6, 14, 32, 8, 'DN1OB_RL+075', '', '', '', 'JANA HIDAYAT', 'DONI', 6384, 0),
(21, '2018-04-30', '09:01:38', 1, 'X4-003', 20, 1, 6, 14, 32, 8, 'DN1OB_RL+075', '', '', '', 'JANA HIDAYAT', 'JUMADI', 6524, 0),
(22, '2018-04-30', '09:02:15', 1, 'X4-007', 20, 1, 6, 14, 32, 8, 'DN3MUD_RL+168', '', '', '', 'PURWANTO', 'PUTRA', 5524, 0),
(23, '2018-04-30', '09:03:16', 1, 'X2-029', 20, 1, 6, 14, 32, 12, 'DN1OB_RL+075', '', '', '', 'ARIF', 'DONI', 4866, 0),
(24, '2018-04-30', '09:04:19', 1, 'X4-011', 20, 1, 6, 14, 32, 9, 'ROM 17', 'T120', 'T100', '', 'RISKY', 'RUSWANDI', 3294, 0);

-- --------------------------------------------------------

--
-- Table structure for table `shoutbox`
--

CREATE TABLE IF NOT EXISTS `shoutbox` (
`id` int(10) NOT NULL,
  `message` text NOT NULL,
  `date` date NOT NULL,
  `time` time NOT NULL,
  `username` varchar(100) NOT NULL
) ENGINE=InnoDB  DEFAULT CHARSET=latin1 AUTO_INCREMENT=8 ;

--
-- Dumping data for table `shoutbox`
--

INSERT INTO `shoutbox` (`id`, `message`, `date`, `time`, `username`) VALUES
(1, 'hai', '2018-05-01', '09:04:38', 'andimariadi'),
(2, 'hai', '2018-05-01', '09:05:18', 'andimariadi'),
(3, 'hai', '2018-05-01', '09:11:23', 'andimariadi'),
(4, 'kok undefined', '2018-05-01', '09:11:32', '1'),
(5, 'Error ya', '2018-05-01', '09:11:45', 'andimariadi'),
(6, 'masih und', '2018-05-01', '09:12:13', 'andimariadi'),
(7, 'sip', '2018-05-01', '09:14:07', 'andimariadi');

-- --------------------------------------------------------

--
-- Table structure for table `tbhauler`
--

CREATE TABLE IF NOT EXISTS `tbhauler` (
  `cn_hauler` varchar(10) NOT NULL,
  `type` varchar(100) NOT NULL,
  `fix_fleet` varchar(10) NOT NULL
) ENGINE=InnoDB DEFAULT CHARSET=latin1;

--
-- Dumping data for table `tbhauler`
--

INSERT INTO `tbhauler` (`cn_hauler`, `type`, `fix_fleet`) VALUES
('D3-006', '47', 'X2-028'),
('D3-007', '47', 'X2-028'),
('D3-012', '47', 'X2-028'),
('D3-013', '47', ''),
('D3-014', '47', ''),
('D3-015', '47', 'X2-028'),
('D3-045', '52', 'X4-003'),
('D3-046', '52', 'X4-003'),
('D3-047', '52', 'X4-003'),
('D3-049', '52', 'X4-021'),
('D3-053', '52', 'X4-021'),
('D3-054', '52', 'X4-014'),
('D3-058', '50', 'S6-003'),
('D3-063', '52', 'X2-050'),
('D3-064', '52', 'X4-021'),
('D3-065', '50', 'X4-007'),
('D3-067', '50', 'S6-003'),
('D3-076', '50', 'X2-053'),
('D3-078', '50', 'X2-053'),
('D3-079', '50', 'X2-053'),
('D3-081', '52', 'X4-001'),
('D3-084', '52', 'X4-001'),
('D3-085', '52', 'X4-024'),
('D3-086', '52', 'X4-024'),
('D3-087', '52', 'X4-022'),
('D3-088', '52', 'X4-001'),
('D3-091', '52', 'X4-011'),
('D3-092', '51', 'S6-003'),
('D3-093', '51', 'S6-003'),
('D3-094', '52', 'X4-011'),
('D3-095', '52', 'X4-011'),
('D3-096', '51', 'S6-003'),
('D3-097', '52', 'X4-022'),
('D3-098', '51', 'S6-003'),
('D3-099', '52', 'X2-050'),
('D3-100', '52', 'X4-012'),
('D3-101', '52', 'X4-012'),
('D3-102', '52', 'X4-012'),
('D3-108', '52', 'X4-018'),
('D3-109', '52', 'X4-018'),
('D3-110', '52', 'X2-048'),
('D3-111', '50', 'X4-006'),
('D3-112', '52', 'X4-018'),
('D3-113', '52', 'X2-048'),
('D3-114', '50', 'X5-012'),
('D3-115', '50', 'X4-006'),
('D3-116', '50', 'X4-006'),
('D3-117', '50', 'X4-006'),
('D3-118', '50', 'X4-006'),
('D3-119', '50', 'X4-006'),
('D3-120', '51', ''),
('D3-121', '50', 'X4-006'),
('D3-122', '50', 'X4-006'),
('D3-123', '50', 'X4-006'),
('D3-124', '50', 'X4-006'),
('D3-125', '50', 'S6-003'),
('D3-126', '50', 'S6-003'),
('D3-127', '50', 'S6-003'),
('D3-128', '50', 'S6-003'),
('D3-129', '50', 'S6-003'),
('D3-130', '50', 'X2-043'),
('D3-131', '50', 'X2-043'),
('D3-132', '52', 'X4-002'),
('D3-133', '52', 'X4-002'),
('D3-134', '50', 'X5-009'),
('D3-135', '50', 'X5-009'),
('D3-136', '50', 'X5-009'),
('D3-137', '50', 'X4-007'),
('D3-138', '50', 'X5-009'),
('D3-139', '50', 'X2-043'),
('D3-140', '52', 'X2-050'),
('D3-145', '50', 'X4-005'),
('D3-146', '50', 'X4-007'),
('D3-147', '50', 'X4-015'),
('D3-148', '50', 'X5-012'),
('D3-149', '50', 'X4-015'),
('D3-150', '50', 'X4-015'),
('D3-151', '50', 'X4-015'),
('D3-152', '50', 'X4-015'),
('D3-154', '50', 'X4-015'),
('D3-163', '50', 'X4-006'),
('D3-166', '50', 'X5-009'),
('D3-167', '50', 'X4-006'),
('D3-169', '51', 'S6-003'),
('D3-170', '50', 'X4-005'),
('D3-177', '50', 'X4-007'),
('D3-178', '52', 'X4-002'),
('D3-179', '52', 'X4-022'),
('D3-180', '50', 'X4-015'),
('D3-181', '50', 'X4-015'),
('D3-182', '50', 'X4-015'),
('D3-183', '50', 'X4-023'),
('D3-186', '50', 'X4-015'),
('D3-214', '50', 'X4-005'),
('D3-215', '50', 'X4-007'),
('D3-219', '52', 'X2-048'),
('D3-221', '44', 'X4-010'),
('D3-222', '44', 'X4-010'),
('D3-223', '44', 'X4-010'),
('D3-224', '44', 'X4-010'),
('D3-225', '44', 'X4-010'),
('D3-226', '44', 'X4-010'),
('D3-227', '44', 'X4-010'),
('D3-228', '44', 'X4-010'),
('D3-229', '44', ''),
('D3-230', '44', 'X4-010'),
('D3-231', '44', 'X4-010'),
('D3-232', '44', 'X4-010'),
('D3-233', '44', 'X4-010'),
('D3-234', '44', 'X4-014'),
('D3-235', '44', 'X4-014'),
('D3-241', '50', 'X5-012'),
('D3-242', '50', 'X5-012'),
('D3-243', '50', 'X5-012'),
('D3-244', '50', 'X5-012'),
('D3-245', '52', 'X4-009'),
('D3-246', '52', 'X4-009'),
('D3-247', '52', 'X4-009'),
('D3-248', '52', 'X4-009'),
('D3-249', '50', 'X5-012'),
('D3-250', '50', 'X5-012'),
('D3-254', '50', 'X5-012'),
('D3-256', '50', 'X5-012'),
('D3-257', '50', 'X5-012'),
('D3-258', '50', 'X5-012'),
('D3-259', '44', 'X2-052'),
('D3-260', '44', 'X2-052'),
('D3-261', '44', ''),
('D3-262', '44', 'X2-052'),
('D3-263', '44', ''),
('D3-264', '44', 'X2-052'),
('D3-265', '44', ''),
('D3-266', '44', 'X2-060'),
('D3-267', '44', ''),
('D3-268', '44', ''),
('D3-269', '44', 'X2-060'),
('D3-270', '44', ''),
('D3-271', '44', ''),
('D3-272', '44', 'X2-057'),
('D3-273', '44', 'X2-057'),
('D3-274', '44', 'X2-057'),
('D3-275', '44', ''),
('D3-276', '44', ''),
('D3-277', '44', 'X5-009'),
('D3-278', '44', ''),
('D3-279', '44', 'X5-009'),
('D3-280', '44', 'X5-009'),
('D3-281', '44', 'X5-009'),
('D3-282', '44', 'X5-009'),
('D3-283', '44', ''),
('D3-284', '44', ''),
('D3-285', '44', 'X5-009'),
('D3-286', '44', 'X4-031'),
('D3-287', '44', 'X4-031'),
('D3-288', '44', 'X4-031'),
('D3-289', '44', 'X4-031'),
('D3-290', '44', 'X4-031'),
('D3-291', '44', 'X4-031'),
('D3-292', '44', 'X4-031'),
('D3-293', '44', 'X4-031'),
('D3-294', '44', 'X4-031'),
('D3-295', '44', 'X2-059'),
('D3-297', '44', ''),
('D3-303', '44', 'X2-056'),
('D3-304', '44', 'X2-056'),
('D3-305', '44', 'X2-056'),
('D3-306', '44', ''),
('D3-307', '44', 'X2-056'),
('D3-308', '44', 'X5-009'),
('D3-310', '44', 'X4-024'),
('D3-311', '44', 'X2-059'),
('D3-319', '50', 'X4-007'),
('D3-355', '44', 'X4-023'),
('D3-356', '44', 'X4-023'),
('D3-357', '44', 'X4-023'),
('D3-358', '44', 'X4-023'),
('D3-359', '44', 'X4-023'),
('D3-360', '44', 'X4-023'),
('D3-362', '44', 'X4-023'),
('D3-363', '44', 'X4-023'),
('D3-364', '44', 'X4-023'),
('D3-370', '50', 'X4-005'),
('D3-371', '50', 'X4-005'),
('D3-372', '50', 'X4-006'),
('D3-373', '50', 'X4-007'),
('D3-374', '50', 'X4-008'),
('D3-375', '50', 'X4-009'),
('D3-376', '50', 'X4-010'),
('D3-377', '50', 'X5-035'),
('D3-378', '44', 'X2-061'),
('D3-379', '44', 'X2-061'),
('D3-380', '44', 'X2-061'),
('D3-381', '44', 'X2-061'),
('D3-382', '44', 'X4-024'),
('D3-383', '44', 'X4-014'),
('D3-384', '44', 'X4-014'),
('D3-385', '44', 'X4-014'),
('D3-387', '44', 'X4-014'),
('D3-388', '44', 'X4-014'),
('D4-001', '45', 'S7-002'),
('D4-002', '45', 'S7-002'),
('D4-003', '45', 'S7-002'),
('D4-004', '45', 'S7-002'),
('D4-005', '45', 'S7-002'),
('D4-006', '45', 'S7-002'),
('D4-007', '45', 'S7-002'),
('D4-008', '45', 'S7-002'),
('D4-009', '45', 'S7-002'),
('D4-010', '45', 'S7-002'),
('D4-011', '45', 'S7-002'),
('D4-012', '45', 'S7-002'),
('D4-013', '45', 'X5-036'),
('D4-014', '45', 'X5-036'),
('D4-015', '49', 'S7-002'),
('D4-016', '49', 'S7-002'),
('D4-017', '49', 'S7-002'),
('D4-018', '49', 'X4-014'),
('D4-019', '49', 'X4-014'),
('D4-020', '49', 'X4-014'),
('D4-021', '49', 'X7-004'),
('D4-022', '49', 'X7-004'),
('D4-023', '49', 'X7-004'),
('D4-024', '49', 'X7-004'),
('D4-025', '49', 'X7-004'),
('D4-026', '49', 'X7-004'),
('D4-027', '49', 'X7-004'),
('D4-028', '49', 'X7-004'),
('D4-029', '49', 'X7-004'),
('D4-030', '49', 'X7-004'),
('D4-031', '45', 'X5-036'),
('D4-032', '45', 'X5-036'),
('D4-033', '45', 'X5-036'),
('D4-034', '45', 'X5-036'),
('D4-035', '49', 'X7-004'),
('D4-036', '49', 'X7-004'),
('D4-037', '49', 'X7-004'),
('D4-038', '49', 'X5-008'),
('D4-039', '49', 'X5-008'),
('D4-040', '49', 'X5-008'),
('D4-041', '49', 'X5-008'),
('D4-042', '49', 'X5-008'),
('D4-043', '49', 'X5-008'),
('D4-044', '49', 'X5-008'),
('D4-045', '49', 'X5-008'),
('D4-046', '49', 'X5-008'),
('D4-047', '45', 'X5-036'),
('D4-048', '45', 'X5-036'),
('D4-049', '45', 'X5-036'),
('D4-050', '45', 'X7-002'),
('D4-051', '45', 'X7-002'),
('D4-052', '45', 'X7-002'),
('D4-053', '45', 'X7-002'),
('D4-054', '45', 'X7-002'),
('D4-055', '45', 'X7-002'),
('D4-056', '45', 'X7-002'),
('D4-057', '45', 'X7-002'),
('D4-058', '45', 'X7-002'),
('D4-059', '45', 'X7-002'),
('D4-060', '45', 'X7-002'),
('D4-061', '45', ''),
('D4-062', '45', 'X7-002'),
('D4-063', '45', 'X7-002'),
('D4-064', '45', 'X7-002'),
('D4-065', '45', 'X7-002'),
('D4-066', '45', ''),
('D4-067', '45', 'X7-007'),
('D4-068', '45', 'X7-007'),
('D4-069', '45', 'X7-007'),
('D4-070', '45', 'X7-007'),
('D4-071', '45', 'X7-007'),
('D4-072', '45', 'X7-007'),
('D4-073', '45', ''),
('D4-074', '45', 'X7-007'),
('D4-075', '45', 'X7-007'),
('D4-076', '45', 'X7-007'),
('D4-077', '45', 'X7-007'),
('D4-078', '49', 'X7-005'),
('D4-079', '49', ''),
('D4-080', '49', 'X7-005'),
('D4-081', '49', 'X7-005'),
('D4-082', '49', 'X7-005'),
('D4-083', '49', 'X7-005'),
('D4-084', '49', 'X7-005'),
('D4-085', '49', 'X7-005'),
('D4-086', '49', 'X7-005'),
('D4-087', '49', 'X7-005'),
('D4-088', '49', 'X7-005'),
('D4-089', '49', 'X7-005'),
('D4-090', '49', 'X7-005'),
('D4-091', '49', 'X7-005'),
('D4-092', '49', 'X7-005'),
('D4-093', '49', 'X5-011'),
('D4-094', '49', 'X5-011'),
('D4-095', '49', 'X5-011'),
('D4-096', '49', 'X5-011'),
('D4-097', '49', ''),
('D4-098', '49', 'X5-011'),
('D4-099', '49', 'X5-011'),
('D4-100', '49', 'X5-011'),
('D4-101', '49', 'X5-011'),
('D4-102', '49', 'X5-011'),
('D4-103', '49', 'X5-011'),
('D5-001', '46', 'X7-003'),
('D5-002', '46', 'X7-003'),
('D5-003', '46', 'X7-003'),
('D5-004', '46', 'X7-003'),
('D5-005', '46', 'X7-003'),
('D5-006', '46', 'X7-003'),
('D5-007', '46', 'X7-003'),
('D5-008', '46', 'X7-003'),
('D5-009', '46', 'X7-003'),
('D5-010', '46', 'X7-003'),
('D5-011', '48', 'X7-008'),
('D5-012', '48', ''),
('D5-013', '48', 'X7-008'),
('D5-014', '48', 'X7-008'),
('D5-015', '48', 'X7-008'),
('D5-016', '48', 'X7-008'),
('D5-017', '48', 'X7-008'),
('D5-018', '48', 'X7-008'),
('D5-019', '48', 'X7-008'),
('D5-020', '48', 'X7-008'),
('D5-021', '48', 'X7-008'),
('D5-022', '48', 'X7-008'),
('D5-023', '48', 'X7-008'),
('D5-024', '48', 'X7-003'),
('D5-025', '48', 'X7-003'),
('D5-026', '46', 'X7-007'),
('D5-027', '46', 'X7-007'),
('D5-028', '46', 'X7-007'),
('D5-029', '46', 'X7-007'),
('D5-030', '46', 'X7-007'),
('D5-031', '46', ''),
('D5-032', '46', 'X7-006'),
('D5-033', '46', 'X7-006'),
('D5-034', '46', 'X7-006'),
('D5-035', '46', ''),
('D5-036', '46', 'X7-006'),
('D5-037', '46', 'X7-006'),
('D5-038', '46', 'X7-006'),
('D5-039', '46', '');

-- --------------------------------------------------------

--
-- Table structure for table `tbloader`
--

CREATE TABLE IF NOT EXISTS `tbloader` (
  `cn_jigsaw` varchar(10) NOT NULL,
  `type` varchar(100) NOT NULL,
  `old_eqp` varchar(100) NOT NULL,
  `model` varchar(10) NOT NULL,
  `ellipse_eqp` varchar(100) NOT NULL,
  `ob` int(10) NOT NULL,
  `coal` int(10) NOT NULL
) ENGINE=InnoDB DEFAULT CHARSET=latin1;

--
-- Dumping data for table `tbloader`
--

INSERT INTO `tbloader` (`cn_jigsaw`, `type`, `old_eqp`, `model`, `ellipse_eqp`, `ob`, `coal`) VALUES
('S5-001', 'LI R9250', 'R9250-SH01', 'R9250', 'SH250-0001', 950, 800),
('S6-001', 'LI R9350', 'R9350-SH01', 'R9350', 'SH300-0001A', 1250, 1000),
('S6-002', 'LI R9350', 'R9350-SH02', 'R9350', 'SH300-0002A', 1250, 1000),
('S6-003', 'LI R9350', 'R9350-SH03', 'R9350', 'SH300-0003A', 1250, 1000),
('S6-004', 'LI R9350', 'R9350-SH04', 'R9350', 'SH300-0004A', 1250, 1000),
('S7-001', 'EX3600 SH', 'PC4000 SH01', 'PC4000', 'SH350-0001A', 1440, 1150),
('S7-002', 'SH 4000', 'PC4000 SH02', 'PC4000', 'SH350-0002A', 1440, 1150),
('S7-003', 'SH 4000', 'PC4000 SH03', 'PC4000', 'SH350-0003A', 1440, 1150),
('X0-003', 'CAT330', 'CAT330-003', 'CAT330', 'EX030-0003', 0, 0),
('X0-004', 'CAT330', 'CAT330-004', 'CAT330', 'EX030-0004', 0, 0),
('X0-005', 'CAT330', 'CAT330-005', 'CAT330', 'EX030-0005', 0, 0),
('X0-006', 'ZX350H-5G', 'ZX350-006', 'ZX350', 'EX030-0006', 0, 0),
('X0-007', 'ZX350H-5G', 'ZX350-007', 'ZX350', 'EX030-0007', 0, 0),
('X0-008', 'CAT336DL', 'CAT336-008', 'CAT336', 'EX030-0008', 0, 0),
('X0-009', 'CAT336DL', 'CAT336-009', 'CAT336', 'EX030-0009', 0, 0),
('X0-010', 'CAT336DL', 'CAT336-010', 'CAT336', 'EX030-0010', 0, 0),
('X0-011', 'CAT336DL', 'CAT336-011', 'CAT336', 'EX030-0011', 0, 0),
('X0-012', 'CAT336DL', 'CAT336-012', 'CAT336', 'EX030-0012', 0, 0),
('X0-019', 'CAT320', 'CAT320-019', 'CAT320', 'EX020-0019', 0, 0),
('X0-020', 'CAT320', 'CAT320-020', 'CAT320', 'EX020-0020', 0, 0),
('X1-008', 'CAT336', 'CAT336-008', 'CAT336', 'EX030 - 0008', 350, 300),
('X1-009', 'CAT336', 'CAT336-009', 'CAT336', 'EX030 - 0009', 350, 300),
('X1-010', 'CAT336', 'CAT336-010', 'CAT336', 'EX030 - 0010', 350, 300),
('X1-014', 'PC800', 'EX800-14', 'EX800', 'EX080-0014', 350, 300),
('X1-020', 'CAT375L', 'CAT375-020', 'CAT375', 'EX080-0020', 350, 300),
('X1-021', 'CAT385', 'CAT385-021', 'CAT385', 'EX080-0021', 350, 300),
('X1-022', 'CAT385', 'CAT785-022', 'CAT785', 'EX080-0022', 350, 300),
('X1-023', 'CAT5110B', 'CAT11-023', 'CAT11', 'EX080-0023', 350, 300),
('X2-007', 'PC1250', 'PC1250-047', 'PC1250', 'EX120-0007', 450, 400),
('X2-015', 'PC1250', 'PC1250-015', 'PC1250', 'EX120-0015', 450, 400),
('X2-025', 'PC1250', 'PC1250-025', 'PC1250', 'EX120-0025', 450, 400),
('X2-028', 'PC1250', 'PC1250-028', 'PC1250', 'EX120-0028', 450, 400),
('X2-029', 'PC1250', 'PC1250-029', 'PC1250', 'EX120-0029', 450, 400),
('X2-033', 'PC1250', 'PC1250-033', 'PC1250', 'EX120-0033', 450, 400),
('X2-037', 'PC1250', 'PC1250-37', 'PC1250', 'EX120-0037A', 450, 400),
('X2-038', 'PC1250', 'PC1250-038', 'PC1250', 'EX120-0038A', 450, 400),
('X2-043', 'PC1250', 'PC1250-043', 'PC1250', 'EX120-0043', 450, 400),
('X2-048', 'PC1250', 'PC1250-048', 'PC1250', 'EX120-0048', 450, 400),
('X2-049', 'EX1200', 'EX1200-049', 'EX1200', 'EX020-0009', 450, 400),
('X2-050', 'EX1200', 'EX1200-050', 'EX1200', 'EX120-0050', 450, 400),
('X2-051', 'PC1250', 'KOCORAN', '', 'EX120-0051', 450, 400),
('X2-052', 'PC1250', 'PC1250-052', 'PC1250', 'EX120-0052', 450, 400),
('X2-053', 'PC1250', 'PC1250-053', 'PC1250', 'EX120-0053', 450, 400),
('X2-055', 'EX1200', 'EX1200-055', 'EX1200', 'EX020-0055', 450, 400),
('X2-056', 'LI R9100', 'R9100-56', 'R9100', 'EX120-0056', 450, 400),
('X2-057', 'LI R984', 'R984-057', 'R984', 'EX120-0057', 450, 400),
('X2-058', 'LI R984', 'R984-058', 'R984', 'EX120-0058', 450, 400),
('X2-059', 'LI R984', 'R984-059', 'R984', 'EX120-0059', 450, 400),
('X2-060', 'LI R984', 'R984-060', 'R984', 'EX120-0060', 450, 400),
('X2-061', 'LI R984', 'R984-061', 'R984', 'EX120-0061', 450, 400),
('X2-062', 'LI R984', 'R984-062', 'R984', 'EX120-0062', 450, 400),
('X2-063', 'PC1250', 'PC1250-063', 'PC1250', 'EX120-0063', 450, 400),
('X2-064', 'PC1250', 'PC1250-064', 'PC1250', 'EX120-0064', 450, 400),
('X2-065', 'PC1250', 'PC1250-065', 'PC1250', 'EX120-0065', 450, 400),
('X3-002', '', '', '', '', 0, 0),
('X3-003', '', '', '', '', 0, 0),
('X4-001', 'PC2000', 'PC2000-072', 'PC2000', 'EX200-0001', 750, 650),
('X4-002', 'PC2000', 'PC2000-073', 'PC2000', 'EX200-0002', 750, 650),
('X4-003', 'PC2000', 'PC2000-074', 'PC2000', 'EX200-0003', 750, 650),
('X4-004', 'PC2000', 'PC2000-093', 'PC2000', 'EX200-0004', 750, 650),
('X4-005', 'PC2000', 'PC2000-102', 'PC2000', 'EX200-0005', 750, 650),
('X4-006', 'PC2000', 'PC2000-103', 'PC2000', 'EX200-0006', 750, 650),
('X4-007', 'PC2000', 'PC2000-106', 'PC2000', 'EX200-0007', 750, 650),
('X4-008', 'PC2000', 'PC2000-08', 'PC2000', 'EX200-0008', 750, 650),
('X4-009', 'PC2000', 'PC2000-108', 'PC2000', 'EX200-0009', 750, 650),
('X4-010', 'PC2000', 'PC2000-109', 'PC2000', 'EX200-0010', 750, 650),
('X4-011', 'PC2000', 'PC2000-146', 'PC2000', 'EX200-0011', 750, 650),
('X4-012', 'PC2000', 'PC2000-012', 'PC2000', 'EX200-0012A', 750, 650),
('X4-014', 'PC2000', 'PC2000-014', 'PC2000', 'EX200-0014A', 750, 650),
('X4-015', 'PC2000', 'PC2000-015', 'PC2000', 'EX200-0015A', 750, 650),
('X4-018', 'PC2000', 'PC2000-018', 'PC2000', 'EX200-0018A', 750, 650),
('X4-021', 'PC2000', 'PC2000-021', 'PC2000', 'EX200-0021A', 750, 650),
('X4-022', 'PC2000', 'PC2000-022', 'PC2000', 'EX200-0022A', 750, 650),
('X4-023', 'PC2000', 'PC2000-023', 'PC2000', 'EX200-0023A', 750, 650),
('X4-024', 'PC2000', 'PC2000-024', 'PC2000', 'EX200-0024A', 750, 650),
('X4-026', 'PC2000', 'PC2000-026', 'PC2000', 'EX200-0026A', 750, 650),
('X4-027', 'PC2000', 'PC2000-027', 'PC2000', 'EX200-0027', 750, 650),
('X4-030', 'LI R994', 'R994-030', 'R994', 'EX200-0032', 650, 650),
('X4-031', 'LI R994', 'R994-031', 'R994', 'EX200-0031', 650, 650),
('X4-032', 'LI R994', 'R994-032', 'R994', 'EX200-0032', 650, 650),
('X4-033', 'LI R994', 'R994-033', 'R994', 'EX200-0033', 650, 650),
('X5-001', 'LI R9250', 'R9250-01', 'R9250', 'EX250-0001', 950, 800),
('X5-002', 'PC3000', 'PC3000-091', 'PC3000', 'EX250-0002', 950, 800),
('X5-003', 'PC3000', 'EX2500-03', 'EX2500', 'EX250-0003', 950, 800),
('X5-004', 'PC3000', 'EX2500-04', 'EX2500', 'EX250-0004', 950, 800),
('X5-005', 'PC3000', 'EX2500-05', 'EX2500', 'EX250-0005', 950, 800),
('X5-006', 'EX2500', 'EX2500-104', 'EX2500', 'EX250-0006', 950, 800),
('X5-007', 'EX2500', 'EX2500-105', 'EX2500', 'EX250-0007', 950, 800),
('X5-008', 'LI R9250', 'R9250-08', 'R9250', 'EX250-0008A', 950, 800),
('X5-009', 'EX2500', 'EX2500-09', 'EX2500', 'EX250-0009', 950, 800),
('X5-010', 'LI R9250', 'R9250-10', 'R9250', 'EX250-0010', 950, 800),
('X5-011', 'LI R9250', 'R9250-11', 'R9250', 'EX250-0011', 950, 800),
('X5-012', 'EX2500', 'R9250-12', 'R9250', 'EX250-0012', 950, 800),
('X5-035', 'LI R9200', 'R9200-035', 'R9200', 'EX200-0035', 950, 800),
('X5-036', 'LI R9200', 'R9200-036', 'R9200', 'EX200-0036', 950, 800),
('X7-001', 'EX3600', 'EX3600-01', 'EX3600', 'EX350-0001A', 1440, 1150),
('X7-002', 'EX3600', 'EX3600-02', 'EX3600', 'EX350-0002A', 1440, 1150),
('X7-003', 'EX3600', 'EX3600-03', 'EX3600', 'EX350-0003A', 1440, 1150),
('X7-004', 'LI R9400', 'R9400-04', 'R9400', 'EX350-0004A', 1440, 1150),
('X7-005', 'LI R9400', 'R9400-05', 'R9400', 'EX350-0005A', 1440, 1150),
('X7-006', 'LI R9400', 'R9400-06', 'R9400', 'EX350-0006A', 1440, 1150),
('X7-007', 'LI R9400', 'R9400-07', 'R9400', 'EX350-0007A', 1440, 1150),
('X7-008', 'EX3600', 'EX3600-08', 'EX3600', 'EX350-0008A', 1440, 1150),
('X7-009', 'EX3600', 'EX3600-09', 'EX3600', 'EX350-0009A', 1440, 1150),
('X7-010', 'EX3600', 'EX3600-10', 'EX3600', 'EX350-0010A', 1440, 1150),
('X7-011', 'LI R9400', 'R9400-011', 'R9400', 'EX350-0011', 1440, 1150),
('X7-012', 'LI R9400', 'R9400-012', 'R9400', 'EX350-0012', 1440, 1150);

-- --------------------------------------------------------

--
-- Table structure for table `travel_speed`
--

CREATE TABLE IF NOT EXISTS `travel_speed` (
`id` int(100) NOT NULL,
  `id_jalur` int(10) NOT NULL,
  `coal` float NOT NULL,
  `ob` float NOT NULL
) ENGINE=InnoDB  DEFAULT CHARSET=latin1 AUTO_INCREMENT=19 ;

--
-- Dumping data for table `travel_speed`
--

INSERT INTO `travel_speed` (`id`, `id_jalur`, `coal`, `ob`) VALUES
(1, 14, 19, 20.8194),
(2, 15, 19, 20.8194),
(3, 16, 19, 19.8731),
(4, 17, 19, 17.9804),
(5, 18, 19, 18.9268),
(6, 19, 19, 18.9268),
(7, 20, 19, 22.1439),
(8, 21, 19, 21.1675),
(9, 22, 19, 21.1374),
(10, 23, 19, 20.6635),
(11, 24, 19, 21.1374),
(12, 25, 18, 20.2882),
(13, 26, 18, 19.8246),
(14, 27, 18, 19.8246),
(15, 28, 18, 19.8246),
(16, 29, 18, 18.5936),
(17, 30, 18, 20.2882),
(18, 31, 18, 19.8246);

--
-- Indexes for dumped tables
--

--
-- Indexes for table `dispatcher`
--
ALTER TABLE `dispatcher`
 ADD PRIMARY KEY (`id`);

--
-- Indexes for table `dispatch_fleet`
--
ALTER TABLE `dispatch_fleet`
 ADD PRIMARY KEY (`id`);

--
-- Indexes for table `dump_spot`
--
ALTER TABLE `dump_spot`
 ADD PRIMARY KEY (`id`);

--
-- Indexes for table `enum`
--
ALTER TABLE `enum`
 ADD PRIMARY KEY (`id`);

--
-- Indexes for table `hauler_capacity`
--
ALTER TABLE `hauler_capacity`
 ADD PRIMARY KEY (`id`);

--
-- Indexes for table `loading_time`
--
ALTER TABLE `loading_time`
 ADD PRIMARY KEY (`id`);

--
-- Indexes for table `master_fleet`
--
ALTER TABLE `master_fleet`
 ADD PRIMARY KEY (`id`), ADD KEY `id_fleet` (`id_fleet`), ADD KEY `cn_hauler` (`cn_hauler`);

--
-- Indexes for table `plan_set_fleet`
--
ALTER TABLE `plan_set_fleet`
 ADD PRIMARY KEY (`id`);

--
-- Indexes for table `set_fleet`
--
ALTER TABLE `set_fleet`
 ADD PRIMARY KEY (`id`), ADD KEY `cn_hauler` (`cn_loader`,`status`,`jalur`), ADD KEY `status` (`status`), ADD KEY `jalur` (`jalur`), ADD KEY `pit` (`pit`);

--
-- Indexes for table `shoutbox`
--
ALTER TABLE `shoutbox`
 ADD PRIMARY KEY (`id`);

--
-- Indexes for table `tbhauler`
--
ALTER TABLE `tbhauler`
 ADD PRIMARY KEY (`cn_hauler`), ADD KEY `fix_fleet` (`fix_fleet`);

--
-- Indexes for table `tbloader`
--
ALTER TABLE `tbloader`
 ADD PRIMARY KEY (`cn_jigsaw`);

--
-- Indexes for table `travel_speed`
--
ALTER TABLE `travel_speed`
 ADD PRIMARY KEY (`id`);

--
-- AUTO_INCREMENT for dumped tables
--

--
-- AUTO_INCREMENT for table `dispatcher`
--
ALTER TABLE `dispatcher`
MODIFY `id` int(10) NOT NULL AUTO_INCREMENT,AUTO_INCREMENT=3;
--
-- AUTO_INCREMENT for table `dispatch_fleet`
--
ALTER TABLE `dispatch_fleet`
MODIFY `id` int(100) NOT NULL AUTO_INCREMENT,AUTO_INCREMENT=20;
--
-- AUTO_INCREMENT for table `dump_spot`
--
ALTER TABLE `dump_spot`
MODIFY `id` int(100) NOT NULL AUTO_INCREMENT;
--
-- AUTO_INCREMENT for table `enum`
--
ALTER TABLE `enum`
MODIFY `id` int(10) NOT NULL AUTO_INCREMENT,AUTO_INCREMENT=53;
--
-- AUTO_INCREMENT for table `hauler_capacity`
--
ALTER TABLE `hauler_capacity`
MODIFY `id` int(10) NOT NULL AUTO_INCREMENT,AUTO_INCREMENT=10;
--
-- AUTO_INCREMENT for table `loading_time`
--
ALTER TABLE `loading_time`
MODIFY `id` int(100) NOT NULL AUTO_INCREMENT,AUTO_INCREMENT=122;
--
-- AUTO_INCREMENT for table `master_fleet`
--
ALTER TABLE `master_fleet`
MODIFY `id` int(100) NOT NULL AUTO_INCREMENT,AUTO_INCREMENT=131;
--
-- AUTO_INCREMENT for table `plan_set_fleet`
--
ALTER TABLE `plan_set_fleet`
MODIFY `id` int(100) NOT NULL AUTO_INCREMENT,AUTO_INCREMENT=12;
--
-- AUTO_INCREMENT for table `set_fleet`
--
ALTER TABLE `set_fleet`
MODIFY `id` int(20) NOT NULL AUTO_INCREMENT,AUTO_INCREMENT=25;
--
-- AUTO_INCREMENT for table `shoutbox`
--
ALTER TABLE `shoutbox`
MODIFY `id` int(10) NOT NULL AUTO_INCREMENT,AUTO_INCREMENT=8;
--
-- AUTO_INCREMENT for table `travel_speed`
--
ALTER TABLE `travel_speed`
MODIFY `id` int(100) NOT NULL AUTO_INCREMENT,AUTO_INCREMENT=19;
/*!40101 SET CHARACTER_SET_CLIENT=@OLD_CHARACTER_SET_CLIENT */;
/*!40101 SET CHARACTER_SET_RESULTS=@OLD_CHARACTER_SET_RESULTS */;
/*!40101 SET COLLATION_CONNECTION=@OLD_COLLATION_CONNECTION */;
